-- MySQL dump 10.13  Distrib 8.0.27, for macos11 (x86_64)
--
-- Host: localhost    Database: db_app
-- ------------------------------------------------------
-- Server version	8.0.35

/*!40101 SET @OLD_CHARACTER_SET_CLIENT=@@CHARACTER_SET_CLIENT */;
/*!40101 SET @OLD_CHARACTER_SET_RESULTS=@@CHARACTER_SET_RESULTS */;
/*!40101 SET @OLD_COLLATION_CONNECTION=@@COLLATION_CONNECTION */;
/*!50503 SET NAMES utf8mb4 */;
/*!40103 SET @OLD_TIME_ZONE=@@TIME_ZONE */;
/*!40103 SET TIME_ZONE='+00:00' */;
/*!40014 SET @OLD_UNIQUE_CHECKS=@@UNIQUE_CHECKS, UNIQUE_CHECKS=0 */;
/*!40014 SET @OLD_FOREIGN_KEY_CHECKS=@@FOREIGN_KEY_CHECKS, FOREIGN_KEY_CHECKS=0 */;
/*!40101 SET @OLD_SQL_MODE=@@SQL_MODE, SQL_MODE='NO_AUTO_VALUE_ON_ZERO' */;
/*!40111 SET @OLD_SQL_NOTES=@@SQL_NOTES, SQL_NOTES=0 */;

--
-- Table structure for table `syst_control`
--

DROP TABLE IF EXISTS `syst_control`;
/*!40101 SET @saved_cs_client     = @@character_set_client */;
/*!50503 SET character_set_client = utf8mb4 */;
CREATE TABLE `syst_control` (
  `id` int NOT NULL AUTO_INCREMENT,
  `control_name` varchar(50) COLLATE utf8mb4_general_ci DEFAULT NULL,
  `label_control` varchar(50) COLLATE utf8mb4_general_ci DEFAULT NULL,
  `id_status` int DEFAULT NULL,
  PRIMARY KEY (`id`)
) ENGINE=InnoDB AUTO_INCREMENT=9 DEFAULT CHARSET=utf8mb4 COLLATE=utf8mb4_general_ci;
/*!40101 SET character_set_client = @saved_cs_client */;

--
-- Dumping data for table `syst_control`
--

LOCK TABLES `syst_control` WRITE;
/*!40000 ALTER TABLE `syst_control` DISABLE KEYS */;
INSERT INTO `syst_control` VALUES (1,'index','View Index',1),(2,'create','Create Data',1),(3,'update','Update Data',1),(4,'delete','Delete Data',1),(5,'detailList','List Detail',1),(6,'setDetail','Set Detail',1),(7,'updateDetail','Update Detail',1),(8,'deleteDetail','Delete Detail',1);
/*!40000 ALTER TABLE `syst_control` ENABLE KEYS */;
UNLOCK TABLES;

--
-- Table structure for table `syst_login_history`
--

DROP TABLE IF EXISTS `syst_login_history`;
/*!40101 SET @saved_cs_client     = @@character_set_client */;
/*!50503 SET character_set_client = utf8mb4 */;
CREATE TABLE `syst_login_history` (
  `id` bigint NOT NULL AUTO_INCREMENT,
  `user_id` int DEFAULT NULL,
  `login_time` datetime DEFAULT NULL,
  `ip_address` varchar(45) COLLATE utf8mb4_general_ci DEFAULT NULL,
  `user_agent` text COLLATE utf8mb4_general_ci,
  `status` varchar(20) COLLATE utf8mb4_general_ci DEFAULT NULL,
  `logout_time` datetime DEFAULT NULL,
  `attempted_email` varchar(50) COLLATE utf8mb4_general_ci DEFAULT NULL,
  PRIMARY KEY (`id`),
  KEY `user_id` (`user_id`)
) ENGINE=InnoDB AUTO_INCREMENT=135 DEFAULT CHARSET=utf8mb4 COLLATE=utf8mb4_general_ci;
/*!40101 SET character_set_client = @saved_cs_client */;

--
-- Dumping data for table `syst_login_history`
--

LOCK TABLES `syst_login_history` WRITE;
/*!40000 ALTER TABLE `syst_login_history` DISABLE KEYS */;
INSERT INTO `syst_login_history` VALUES (49,1,'2025-12-01 09:01:29','::1','Mozilla/5.0 (Windows NT 10.0; Win64; x64) AppleWebKit/537.36 (KHTML, like Gecko) Chrome/142.0.0.0 Safari/537.36','success',NULL,'yeviki'),(50,1,'2025-12-01 09:22:46','::1','Mozilla/5.0 (Windows NT 10.0; Win64; x64) AppleWebKit/537.36 (KHTML, like Gecko) Chrome/142.0.0.0 Safari/537.36','success',NULL,'yeviki'),(51,1,'2025-12-01 09:23:03','::1','Mozilla/5.0 (Windows NT 10.0; Win64; x64) AppleWebKit/537.36 (KHTML, like Gecko) Chrome/142.0.0.0 Safari/537.36','success',NULL,'yeviki'),(52,1,'2025-12-01 09:23:48','::1','Mozilla/5.0 (Windows NT 10.0; Win64; x64) AppleWebKit/537.36 (KHTML, like Gecko) Chrome/142.0.0.0 Safari/537.36','success',NULL,'yeviki'),(53,1,'2025-12-01 09:55:51','::1','Mozilla/5.0 (Windows NT 10.0; Win64; x64) AppleWebKit/537.36 (KHTML, like Gecko) Chrome/142.0.0.0 Safari/537.36','success',NULL,'yeviki'),(54,1,'2025-12-01 11:14:32','::1','Mozilla/5.0 (Windows NT 10.0; Win64; x64) AppleWebKit/537.36 (KHTML, like Gecko) Chrome/142.0.0.0 Safari/537.36','success',NULL,'yeviki'),(55,1,'2025-12-01 11:18:59','::1','Mozilla/5.0 (Windows NT 10.0; Win64; x64) AppleWebKit/537.36 (KHTML, like Gecko) Chrome/142.0.0.0 Safari/537.36','success',NULL,'yeviki'),(56,1,'2025-12-01 11:19:11','::1','Mozilla/5.0 (Windows NT 10.0; Win64; x64) AppleWebKit/537.36 (KHTML, like Gecko) Chrome/142.0.0.0 Safari/537.36','success','2025-12-01 11:54:33','yeviki'),(57,1,'2025-12-01 11:55:16','::1','Mozilla/5.0 (Windows NT 10.0; Win64; x64) AppleWebKit/537.36 (KHTML, like Gecko) Chrome/142.0.0.0 Safari/537.36','success','2025-12-01 12:22:35','yeviki'),(58,9,'2025-12-01 12:22:53','::1','Mozilla/5.0 (Windows NT 10.0; Win64; x64) AppleWebKit/537.36 (KHTML, like Gecko) Chrome/142.0.0.0 Safari/537.36','failed',NULL,'testing'),(59,9,'2025-12-01 12:22:56','::1','Mozilla/5.0 (Windows NT 10.0; Win64; x64) AppleWebKit/537.36 (KHTML, like Gecko) Chrome/142.0.0.0 Safari/537.36','failed',NULL,'testing'),(60,9,'2025-12-01 12:22:57','::1','Mozilla/5.0 (Windows NT 10.0; Win64; x64) AppleWebKit/537.36 (KHTML, like Gecko) Chrome/142.0.0.0 Safari/537.36','failed',NULL,'testing'),(61,9,'2025-12-01 12:22:58','::1','Mozilla/5.0 (Windows NT 10.0; Win64; x64) AppleWebKit/537.36 (KHTML, like Gecko) Chrome/142.0.0.0 Safari/537.36','failed',NULL,'testing'),(62,9,'2025-12-01 12:22:58','::1','Mozilla/5.0 (Windows NT 10.0; Win64; x64) AppleWebKit/537.36 (KHTML, like Gecko) Chrome/142.0.0.0 Safari/537.36','failed',NULL,'testing'),(63,2,'2025-12-01 12:23:40','::1','Mozilla/5.0 (Windows NT 10.0; Win64; x64) AppleWebKit/537.36 (KHTML, like Gecko) Chrome/142.0.0.0 Safari/537.36','success','2025-12-01 12:23:48','superadmin'),(64,9,'2025-12-01 12:24:28','::1','Mozilla/5.0 (Windows NT 10.0; Win64; x64) AppleWebKit/537.36 (KHTML, like Gecko) Chrome/142.0.0.0 Safari/537.36','failed',NULL,'testing'),(65,1,'2025-12-01 13:57:32','::1','Mozilla/5.0 (Windows NT 10.0; Win64; x64) AppleWebKit/537.36 (KHTML, like Gecko) Chrome/142.0.0.0 Safari/537.36','success','2025-12-01 14:02:14','yeviki'),(66,9,'2025-12-01 14:02:19','::1','Mozilla/5.0 (Windows NT 10.0; Win64; x64) AppleWebKit/537.36 (KHTML, like Gecko) Chrome/142.0.0.0 Safari/537.36','success',NULL,'testing'),(67,9,'2025-12-01 14:03:03','::1','Mozilla/5.0 (Windows NT 10.0; Win64; x64) AppleWebKit/537.36 (KHTML, like Gecko) Chrome/142.0.0.0 Safari/537.36','success',NULL,'testing'),(68,9,'2025-12-01 14:15:40','::1','Mozilla/5.0 (Windows NT 10.0; Win64; x64) AppleWebKit/537.36 (KHTML, like Gecko) Chrome/142.0.0.0 Safari/537.36','success',NULL,'testing'),(69,9,'2025-12-01 14:17:28','::1','Mozilla/5.0 (Windows NT 10.0; Win64; x64) AppleWebKit/537.36 (KHTML, like Gecko) Chrome/142.0.0.0 Safari/537.36','success',NULL,'testing'),(70,9,'2025-12-01 14:19:26','::1','Mozilla/5.0 (Windows NT 10.0; Win64; x64) AppleWebKit/537.36 (KHTML, like Gecko) Chrome/142.0.0.0 Safari/537.36','success',NULL,'testing'),(71,1,'2025-12-01 14:20:58','::1','Mozilla/5.0 (Windows NT 10.0; Win64; x64) AppleWebKit/537.36 (KHTML, like Gecko) Chrome/142.0.0.0 Safari/537.36','success','2025-12-01 14:21:03','yeviki'),(72,9,'2025-12-01 14:21:09','::1','Mozilla/5.0 (Windows NT 10.0; Win64; x64) AppleWebKit/537.36 (KHTML, like Gecko) Chrome/142.0.0.0 Safari/537.36','failed',NULL,'testing'),(73,9,'2025-12-01 14:21:12','::1','Mozilla/5.0 (Windows NT 10.0; Win64; x64) AppleWebKit/537.36 (KHTML, like Gecko) Chrome/142.0.0.0 Safari/537.36','success',NULL,'testing'),(74,9,'2025-12-01 14:29:12','::1','Mozilla/5.0 (Windows NT 10.0; Win64; x64) AppleWebKit/537.36 (KHTML, like Gecko) Chrome/142.0.0.0 Safari/537.36','success',NULL,'testing'),(75,9,'2025-12-01 14:30:50','::1','Mozilla/5.0 (Windows NT 10.0; Win64; x64) AppleWebKit/537.36 (KHTML, like Gecko) Chrome/142.0.0.0 Safari/537.36','failed',NULL,'testing'),(76,9,'2025-12-01 14:30:55','::1','Mozilla/5.0 (Windows NT 10.0; Win64; x64) AppleWebKit/537.36 (KHTML, like Gecko) Chrome/142.0.0.0 Safari/537.36','success',NULL,'testing'),(77,9,'2025-12-01 14:31:27','::1','Mozilla/5.0 (Windows NT 10.0; Win64; x64) AppleWebKit/537.36 (KHTML, like Gecko) Chrome/142.0.0.0 Safari/537.36','success',NULL,'testing'),(78,9,'2025-12-01 14:32:20','::1','Mozilla/5.0 (Windows NT 10.0; Win64; x64) AppleWebKit/537.36 (KHTML, like Gecko) Chrome/142.0.0.0 Safari/537.36','success',NULL,'testing'),(79,9,'2025-12-01 14:35:28','::1','Mozilla/5.0 (Windows NT 10.0; Win64; x64) AppleWebKit/537.36 (KHTML, like Gecko) Chrome/142.0.0.0 Safari/537.36','success',NULL,'testing'),(80,9,'2025-12-01 14:39:05','::1','Mozilla/5.0 (Windows NT 10.0; Win64; x64) AppleWebKit/537.36 (KHTML, like Gecko) Chrome/142.0.0.0 Safari/537.36','success',NULL,'testing'),(81,9,'2025-12-01 16:24:41','::1','Mozilla/5.0 (Windows NT 10.0; Win64; x64) AppleWebKit/537.36 (KHTML, like Gecko) Chrome/142.0.0.0 Safari/537.36','success','2025-12-01 16:35:44','testing'),(82,1,'2025-12-01 16:35:50','::1','Mozilla/5.0 (Windows NT 10.0; Win64; x64) AppleWebKit/537.36 (KHTML, like Gecko) Chrome/142.0.0.0 Safari/537.36','success','2025-12-01 16:39:00','yeviki'),(83,1,'2025-12-03 14:52:20','::1','Mozilla/5.0 (Windows NT 10.0; Win64; x64) AppleWebKit/537.36 (KHTML, like Gecko) Chrome/142.0.0.0 Safari/537.36','success','2025-12-03 14:53:27','yeviki'),(84,1,'2025-12-03 15:55:05','::1','Mozilla/5.0 (Windows NT 10.0; Win64; x64) AppleWebKit/537.36 (KHTML, like Gecko) Chrome/142.0.0.0 Safari/537.36','success',NULL,'yeviki'),(85,1,'2025-12-03 16:55:34','::1','Mozilla/5.0 (Windows NT 10.0; Win64; x64) AppleWebKit/537.36 (KHTML, like Gecko) Chrome/142.0.0.0 Safari/537.36','success','2025-12-03 17:15:22','yeviki'),(86,9,'2025-12-03 17:15:35','::1','Mozilla/5.0 (Windows NT 10.0; Win64; x64) AppleWebKit/537.36 (KHTML, like Gecko) Chrome/142.0.0.0 Safari/537.36','success','2025-12-03 17:16:17','testing'),(87,1,'2025-12-03 17:16:28','::1','Mozilla/5.0 (Windows NT 10.0; Win64; x64) AppleWebKit/537.36 (KHTML, like Gecko) Chrome/142.0.0.0 Safari/537.36','success','2025-12-03 17:20:46','yeviki'),(88,9,'2025-12-03 17:21:00','::1','Mozilla/5.0 (Windows NT 10.0; Win64; x64) AppleWebKit/537.36 (KHTML, like Gecko) Chrome/142.0.0.0 Safari/537.36','failed',NULL,'testing'),(89,9,'2025-12-03 17:21:02','::1','Mozilla/5.0 (Windows NT 10.0; Win64; x64) AppleWebKit/537.36 (KHTML, like Gecko) Chrome/142.0.0.0 Safari/537.36','failed',NULL,'testing'),(90,9,'2025-12-03 17:21:03','::1','Mozilla/5.0 (Windows NT 10.0; Win64; x64) AppleWebKit/537.36 (KHTML, like Gecko) Chrome/142.0.0.0 Safari/537.36','failed',NULL,'testing'),(91,9,'2025-12-03 17:21:03','::1','Mozilla/5.0 (Windows NT 10.0; Win64; x64) AppleWebKit/537.36 (KHTML, like Gecko) Chrome/142.0.0.0 Safari/537.36','failed',NULL,'testing'),(92,9,'2025-12-03 17:21:04','::1','Mozilla/5.0 (Windows NT 10.0; Win64; x64) AppleWebKit/537.36 (KHTML, like Gecko) Chrome/142.0.0.0 Safari/537.36','failed',NULL,'testing'),(93,1,'2025-12-03 17:21:36','::1','Mozilla/5.0 (Windows NT 10.0; Win64; x64) AppleWebKit/537.36 (KHTML, like Gecko) Chrome/142.0.0.0 Safari/537.36','success','2025-12-03 17:21:44','yeviki'),(94,9,'2025-12-03 17:22:12','::1','Mozilla/5.0 (Windows NT 10.0; Win64; x64) AppleWebKit/537.36 (KHTML, like Gecko) Chrome/142.0.0.0 Safari/537.36','failed',NULL,'testing'),(95,9,'2025-12-03 17:24:22','::1','Mozilla/5.0 (Windows NT 10.0; Win64; x64) AppleWebKit/537.36 (KHTML, like Gecko) Chrome/142.0.0.0 Safari/537.36','failed',NULL,'testing'),(96,9,'2025-12-03 17:24:45','::ffff:127.0.0.1','Mozilla/5.0 (Windows NT 10.0; Win64; x64; rv:144.0) Gecko/20100101 Firefox/144.0','failed',NULL,'testing'),(97,1,'2025-12-03 17:25:19','::1','Mozilla/5.0 (Windows NT 10.0; Win64; x64) AppleWebKit/537.36 (KHTML, like Gecko) Chrome/142.0.0.0 Safari/537.36','success','2025-12-03 17:37:08','yeviki'),(98,1,'2025-12-03 17:40:43','::1','Mozilla/5.0 (Windows NT 10.0; Win64; x64) AppleWebKit/537.36 (KHTML, like Gecko) Chrome/142.0.0.0 Safari/537.36','success','2025-12-03 17:40:47','yeviki'),(99,1,'2025-12-03 17:46:25','::1','Mozilla/5.0 (Windows NT 10.0; Win64; x64) AppleWebKit/537.36 (KHTML, like Gecko) Chrome/142.0.0.0 Safari/537.36','success',NULL,'yeviki'),(100,1,'2025-12-04 08:24:12','::1','Mozilla/5.0 (Windows NT 10.0; Win64; x64) AppleWebKit/537.36 (KHTML, like Gecko) Chrome/142.0.0.0 Safari/537.36','success',NULL,'yeviki'),(101,1,'2025-12-04 08:25:39','::1','Mozilla/5.0 (Windows NT 10.0; Win64; x64) AppleWebKit/537.36 (KHTML, like Gecko) Chrome/142.0.0.0 Safari/537.36','success','2025-12-04 08:25:44','yeviki'),(102,1,'2025-12-04 08:25:50','::1','Mozilla/5.0 (Windows NT 10.0; Win64; x64) AppleWebKit/537.36 (KHTML, like Gecko) Chrome/142.0.0.0 Safari/537.36','success','2025-12-04 09:13:25','yeviki'),(103,9,'2025-12-04 09:13:36','::1','Mozilla/5.0 (Windows NT 10.0; Win64; x64) AppleWebKit/537.36 (KHTML, like Gecko) Chrome/142.0.0.0 Safari/537.36','success','2025-12-04 09:13:55','testing'),(104,1,'2025-12-04 09:14:08','::1','Mozilla/5.0 (Windows NT 10.0; Win64; x64) AppleWebKit/537.36 (KHTML, like Gecko) Chrome/142.0.0.0 Safari/537.36','success','2025-12-04 09:22:59','yeviki'),(105,9,'2025-12-04 09:23:04','::1','Mozilla/5.0 (Windows NT 10.0; Win64; x64) AppleWebKit/537.36 (KHTML, like Gecko) Chrome/142.0.0.0 Safari/537.36','success','2025-12-04 09:25:07','testing'),(106,9,'2025-12-04 09:25:16','::1','Mozilla/5.0 (Windows NT 10.0; Win64; x64) AppleWebKit/537.36 (KHTML, like Gecko) Chrome/142.0.0.0 Safari/537.36','failed',NULL,'testing'),(107,9,'2025-12-04 09:25:17','::1','Mozilla/5.0 (Windows NT 10.0; Win64; x64) AppleWebKit/537.36 (KHTML, like Gecko) Chrome/142.0.0.0 Safari/537.36','failed',NULL,'testing'),(108,9,'2025-12-04 09:25:17','::1','Mozilla/5.0 (Windows NT 10.0; Win64; x64) AppleWebKit/537.36 (KHTML, like Gecko) Chrome/142.0.0.0 Safari/537.36','failed',NULL,'testing'),(109,9,'2025-12-04 09:25:18','::1','Mozilla/5.0 (Windows NT 10.0; Win64; x64) AppleWebKit/537.36 (KHTML, like Gecko) Chrome/142.0.0.0 Safari/537.36','failed',NULL,'testing'),(110,9,'2025-12-04 09:25:19','::1','Mozilla/5.0 (Windows NT 10.0; Win64; x64) AppleWebKit/537.36 (KHTML, like Gecko) Chrome/142.0.0.0 Safari/537.36','failed',NULL,'testing'),(111,9,'2025-12-04 09:26:22','::ffff:127.0.0.1','Mozilla/5.0 (Windows NT 10.0; Win64; x64; rv:145.0) Gecko/20100101 Firefox/145.0','failed',NULL,'testing'),(112,9,'2025-12-04 09:26:46','::1','Mozilla/5.0 (Windows NT 10.0; Win64; x64) AppleWebKit/537.36 (KHTML, like Gecko) Chrome/142.0.0.0 Safari/537.36','failed',NULL,'testing'),(113,1,'2025-12-04 09:27:16','::1','Mozilla/5.0 (Windows NT 10.0; Win64; x64) AppleWebKit/537.36 (KHTML, like Gecko) Chrome/142.0.0.0 Safari/537.36','success',NULL,'yeviki'),(114,1,'2025-12-04 10:06:11','::1','Mozilla/5.0 (Windows NT 10.0; Win64; x64) AppleWebKit/537.36 (KHTML, like Gecko) Chrome/142.0.0.0 Safari/537.36','success','2025-12-04 10:06:19','yeviki'),(115,1,'2025-12-04 10:06:26','::1','Mozilla/5.0 (Windows NT 10.0; Win64; x64) AppleWebKit/537.36 (KHTML, like Gecko) Chrome/142.0.0.0 Safari/537.36','success',NULL,'yeviki'),(116,1,'2025-12-04 11:10:15','::1','Mozilla/5.0 (Windows NT 10.0; Win64; x64) AppleWebKit/537.36 (KHTML, like Gecko) Chrome/142.0.0.0 Safari/537.36','success',NULL,'yeviki'),(117,1,'2025-12-04 12:10:56','::1','Mozilla/5.0 (Windows NT 10.0; Win64; x64) AppleWebKit/537.36 (KHTML, like Gecko) Chrome/142.0.0.0 Safari/537.36','success',NULL,'yeviki'),(118,1,'2025-12-04 12:15:21','::1','Mozilla/5.0 (Windows NT 10.0; Win64; x64) AppleWebKit/537.36 (KHTML, like Gecko) Chrome/142.0.0.0 Safari/537.36','success',NULL,'yeviki'),(119,1,'2025-12-04 12:16:25','::1','Mozilla/5.0 (Windows NT 10.0; Win64; x64) AppleWebKit/537.36 (KHTML, like Gecko) Chrome/142.0.0.0 Safari/537.36','success',NULL,'yeviki'),(120,1,'2025-12-04 13:36:59','::1','Mozilla/5.0 (Windows NT 10.0; Win64; x64) AppleWebKit/537.36 (KHTML, like Gecko) Chrome/142.0.0.0 Safari/537.36','success',NULL,'yeviki'),(121,1,'2025-12-04 14:38:18','::1','Mozilla/5.0 (Windows NT 10.0; Win64; x64) AppleWebKit/537.36 (KHTML, like Gecko) Chrome/142.0.0.0 Safari/537.36','success',NULL,'yeviki'),(122,1,'2025-12-04 21:10:20','::1','Mozilla/5.0 (Macintosh; Intel Mac OS X 10_15_7) AppleWebKit/537.36 (KHTML, like Gecko) Chrome/142.0.0.0 Safari/537.36','success',NULL,'yeviki'),(123,1,'2025-12-04 22:10:43','::1','Mozilla/5.0 (Macintosh; Intel Mac OS X 10_15_7) AppleWebKit/537.36 (KHTML, like Gecko) Chrome/142.0.0.0 Safari/537.36','success','2025-12-04 22:17:31','yeviki'),(124,1,'2025-12-04 22:17:37','::1','Mozilla/5.0 (Macintosh; Intel Mac OS X 10_15_7) AppleWebKit/537.36 (KHTML, like Gecko) Chrome/142.0.0.0 Safari/537.36','success','2025-12-04 22:31:03','yeviki'),(125,1,'2025-12-04 22:31:08','::1','Mozilla/5.0 (Macintosh; Intel Mac OS X 10_15_7) AppleWebKit/537.36 (KHTML, like Gecko) Chrome/142.0.0.0 Safari/537.36','success','2025-12-04 22:43:51','yeviki'),(126,1,'2025-12-04 22:43:58','::1','Mozilla/5.0 (Macintosh; Intel Mac OS X 10_15_7) AppleWebKit/537.36 (KHTML, like Gecko) Chrome/142.0.0.0 Safari/537.36','success',NULL,'yeviki'),(127,9,'2025-12-04 23:18:05','::1','Mozilla/5.0 (Macintosh; Intel Mac OS X 10_15_7) AppleWebKit/537.36 (KHTML, like Gecko) Chrome/142.0.0.0 Safari/537.36','success',NULL,'testing'),(128,1,'2025-12-04 23:55:58','::1','Mozilla/5.0 (Macintosh; Intel Mac OS X 10_15_7) AppleWebKit/537.36 (KHTML, like Gecko) Chrome/142.0.0.0 Safari/537.36','success',NULL,'yeviki'),(129,1,'2025-12-04 23:56:07','::1','Mozilla/5.0 (Macintosh; Intel Mac OS X 10_15_7) AppleWebKit/537.36 (KHTML, like Gecko) Chrome/142.0.0.0 Safari/537.36','success','2025-12-04 23:56:42','yeviki'),(130,1,'2025-12-04 23:56:48','::1','Mozilla/5.0 (Macintosh; Intel Mac OS X 10_15_7) AppleWebKit/537.36 (KHTML, like Gecko) Chrome/142.0.0.0 Safari/537.36','success','2025-12-05 00:29:05','yeviki'),(131,NULL,'2025-12-05 00:29:17','::1','Mozilla/5.0 (Macintosh; Intel Mac OS X 10_15_7) AppleWebKit/537.36 (KHTML, like Gecko) Chrome/142.0.0.0 Safari/537.36','failed',NULL,'adminsuper'),(132,2,'2025-12-05 00:29:24','::1','Mozilla/5.0 (Macintosh; Intel Mac OS X 10_15_7) AppleWebKit/537.36 (KHTML, like Gecko) Chrome/142.0.0.0 Safari/537.36','failed',NULL,'superadmin'),(133,2,'2025-12-05 00:29:33','::1','Mozilla/5.0 (Macintosh; Intel Mac OS X 10_15_7) AppleWebKit/537.36 (KHTML, like Gecko) Chrome/142.0.0.0 Safari/537.36','failed',NULL,'superadmin'),(134,2,'2025-12-05 00:29:39','::1','Mozilla/5.0 (Macintosh; Intel Mac OS X 10_15_7) AppleWebKit/537.36 (KHTML, like Gecko) Chrome/142.0.0.0 Safari/537.36','success',NULL,'superadmin');
/*!40000 ALTER TABLE `syst_login_history` ENABLE KEYS */;
UNLOCK TABLES;

--
-- Table structure for table `syst_menu`
--

DROP TABLE IF EXISTS `syst_menu`;
/*!40101 SET @saved_cs_client     = @@character_set_client */;
/*!50503 SET character_set_client = utf8mb4 */;
CREATE TABLE `syst_menu` (
  `id_menu` int NOT NULL AUTO_INCREMENT,
  `title_menu` varchar(255) COLLATE utf8mb4_general_ci DEFAULT NULL,
  `url_menu` varchar(255) COLLATE utf8mb4_general_ci DEFAULT NULL,
  `icon_menu` varchar(255) COLLATE utf8mb4_general_ci DEFAULT NULL,
  `order_menu` smallint DEFAULT NULL,
  `parent_id` int DEFAULT NULL,
  `component` varchar(255) COLLATE utf8mb4_general_ci DEFAULT NULL,
  PRIMARY KEY (`id_menu`) USING BTREE
) ENGINE=InnoDB AUTO_INCREMENT=12 DEFAULT CHARSET=utf8mb4 COLLATE=utf8mb4_general_ci;
/*!40101 SET character_set_client = @saved_cs_client */;

--
-- Dumping data for table `syst_menu`
--

LOCK TABLES `syst_menu` WRITE;
/*!40000 ALTER TABLE `syst_menu` DISABLE KEYS */;
INSERT INTO `syst_menu` VALUES (1,'Dashboard','/dashboard','LayoutDashboard',1,NULL,'DashboardHome'),(2,'Management System','#','Shapes',2,NULL,NULL),(3,'Panel Admin','#','Admin',3,NULL,NULL),(4,'Users','/users','Users',1,2,'UsersPage'),(5,'Menu','/menu','Menu',2,2,'MenuPage'),(6,'Roles','/roles','Key',3,2,'RolesPage'),(7,'Sub Menu 1','/subMenu','Settings',1,3,'SubMenuPage'),(8,'Laporan','#','Files',4,NULL,NULL),(10,'Module','/module','File',4,2,'ModulePage'),(11,'Control','/control','Eye',5,2,'ControlPage');
/*!40000 ALTER TABLE `syst_menu` ENABLE KEYS */;
UNLOCK TABLES;

--
-- Table structure for table `syst_module`
--

DROP TABLE IF EXISTS `syst_module`;
/*!40101 SET @saved_cs_client     = @@character_set_client */;
/*!50503 SET character_set_client = utf8mb4 */;
CREATE TABLE `syst_module` (
  `id` int NOT NULL AUTO_INCREMENT,
  `module_name` varchar(50) COLLATE utf8mb4_general_ci DEFAULT NULL,
  `label_module` varchar(50) COLLATE utf8mb4_general_ci DEFAULT NULL,
  `id_status` int DEFAULT NULL,
  PRIMARY KEY (`id`)
) ENGINE=InnoDB AUTO_INCREMENT=6 DEFAULT CHARSET=utf8mb4 COLLATE=utf8mb4_general_ci;
/*!40101 SET character_set_client = @saved_cs_client */;

--
-- Dumping data for table `syst_module`
--

LOCK TABLES `syst_module` WRITE;
/*!40000 ALTER TABLE `syst_module` DISABLE KEYS */;
INSERT INTO `syst_module` VALUES (1,'users','Users',1),(2,'menu','Menu',1),(3,'roles','Roles',1),(4,'module','Module',1),(5,'control','Control',1);
/*!40000 ALTER TABLE `syst_module` ENABLE KEYS */;
UNLOCK TABLES;

--
-- Table structure for table `syst_roles`
--

DROP TABLE IF EXISTS `syst_roles`;
/*!40101 SET @saved_cs_client     = @@character_set_client */;
/*!50503 SET character_set_client = utf8mb4 */;
CREATE TABLE `syst_roles` (
  `id` int NOT NULL AUTO_INCREMENT,
  `roles_name` varchar(25) COLLATE utf8mb4_general_ci DEFAULT NULL,
  PRIMARY KEY (`id`)
) ENGINE=InnoDB AUTO_INCREMENT=5 DEFAULT CHARSET=utf8mb4 COLLATE=utf8mb4_general_ci;
/*!40101 SET character_set_client = @saved_cs_client */;

--
-- Dumping data for table `syst_roles`
--

LOCK TABLES `syst_roles` WRITE;
/*!40000 ALTER TABLE `syst_roles` DISABLE KEYS */;
INSERT INTO `syst_roles` VALUES (1,'Super Admin'),(2,'Local Admin'),(3,'Pimpinan'),(4,'Staf');
/*!40000 ALTER TABLE `syst_roles` ENABLE KEYS */;
UNLOCK TABLES;

--
-- Table structure for table `syst_roles_menu`
--

DROP TABLE IF EXISTS `syst_roles_menu`;
/*!40101 SET @saved_cs_client     = @@character_set_client */;
/*!50503 SET character_set_client = utf8mb4 */;
CREATE TABLE `syst_roles_menu` (
  `id` int NOT NULL AUTO_INCREMENT,
  `roles_id` int DEFAULT NULL,
  `menu_id` int DEFAULT NULL,
  `id_status` int DEFAULT NULL,
  PRIMARY KEY (`id`),
  KEY `roles_id` (`roles_id`),
  KEY `menu_id` (`menu_id`),
  CONSTRAINT `syst_roles_menu_ibfk_1` FOREIGN KEY (`roles_id`) REFERENCES `syst_roles` (`id`),
  CONSTRAINT `syst_roles_menu_ibfk_2` FOREIGN KEY (`menu_id`) REFERENCES `syst_menu` (`id_menu`)
) ENGINE=InnoDB AUTO_INCREMENT=22 DEFAULT CHARSET=utf8mb4 COLLATE=utf8mb4_general_ci;
/*!40101 SET character_set_client = @saved_cs_client */;

--
-- Dumping data for table `syst_roles_menu`
--

LOCK TABLES `syst_roles_menu` WRITE;
/*!40000 ALTER TABLE `syst_roles_menu` DISABLE KEYS */;
INSERT INTO `syst_roles_menu` VALUES (6,2,1,1),(7,2,3,1),(8,2,7,1),(9,3,1,1),(10,3,8,1),(11,1,1,1),(12,1,2,1),(13,1,4,1),(14,1,5,1),(15,1,6,1),(16,1,3,1),(17,1,7,1),(18,2,4,1),(19,2,2,1),(20,1,10,1),(21,1,11,1);
/*!40000 ALTER TABLE `syst_roles_menu` ENABLE KEYS */;
UNLOCK TABLES;

--
-- Table structure for table `syst_roles_permissions`
--

DROP TABLE IF EXISTS `syst_roles_permissions`;
/*!40101 SET @saved_cs_client     = @@character_set_client */;
/*!50503 SET character_set_client = utf8mb4 */;
CREATE TABLE `syst_roles_permissions` (
  `id` int NOT NULL AUTO_INCREMENT,
  `roles_id` int DEFAULT NULL,
  `module_id` int DEFAULT NULL,
  `control_id` int DEFAULT NULL,
  `id_status` int DEFAULT NULL,
  PRIMARY KEY (`id`)
) ENGINE=InnoDB AUTO_INCREMENT=28 DEFAULT CHARSET=utf8mb4 COLLATE=utf8mb4_general_ci;
/*!40101 SET character_set_client = @saved_cs_client */;

--
-- Dumping data for table `syst_roles_permissions`
--

LOCK TABLES `syst_roles_permissions` WRITE;
/*!40000 ALTER TABLE `syst_roles_permissions` DISABLE KEYS */;
INSERT INTO `syst_roles_permissions` VALUES (1,1,1,1,1),(2,1,1,2,1),(3,1,1,3,1),(4,1,1,4,1),(5,1,2,1,1),(6,1,2,2,1),(7,1,2,3,1),(8,1,2,4,1),(9,1,4,1,1),(10,1,4,2,1),(11,1,4,3,1),(12,1,4,4,1),(13,1,5,1,1),(14,1,5,2,1),(15,1,5,3,1),(16,1,5,4,1),(17,1,3,1,1),(18,1,3,2,1),(19,1,3,3,1),(20,1,3,4,1),(21,1,3,5,1),(22,1,3,6,1),(23,1,3,7,1),(24,1,3,8,1),(25,2,1,1,1),(26,2,1,2,1),(27,2,1,3,0);
/*!40000 ALTER TABLE `syst_roles_permissions` ENABLE KEYS */;
UNLOCK TABLES;

--
-- Table structure for table `syst_status`
--

DROP TABLE IF EXISTS `syst_status`;
/*!40101 SET @saved_cs_client     = @@character_set_client */;
/*!50503 SET character_set_client = utf8mb4 */;
CREATE TABLE `syst_status` (
  `id` int NOT NULL AUTO_INCREMENT,
  `status_name` varchar(25) COLLATE utf8mb4_general_ci DEFAULT NULL,
  PRIMARY KEY (`id`)
) ENGINE=InnoDB AUTO_INCREMENT=3 DEFAULT CHARSET=utf8mb4 COLLATE=utf8mb4_general_ci;
/*!40101 SET character_set_client = @saved_cs_client */;

--
-- Dumping data for table `syst_status`
--

LOCK TABLES `syst_status` WRITE;
/*!40000 ALTER TABLE `syst_status` DISABLE KEYS */;
INSERT INTO `syst_status` VALUES (0,'Tidak Aktif'),(1,'Aktif');
/*!40000 ALTER TABLE `syst_status` ENABLE KEYS */;
UNLOCK TABLES;

--
-- Table structure for table `syst_users`
--

DROP TABLE IF EXISTS `syst_users`;
/*!40101 SET @saved_cs_client     = @@character_set_client */;
/*!50503 SET character_set_client = utf8mb4 */;
CREATE TABLE `syst_users` (
  `id` int NOT NULL AUTO_INCREMENT,
  `username` varchar(100) COLLATE utf8mb4_general_ci DEFAULT NULL,
  `email` varchar(100) COLLATE utf8mb4_general_ci DEFAULT NULL,
  `password` varchar(100) COLLATE utf8mb4_general_ci DEFAULT NULL,
  `created_at` timestamp NOT NULL DEFAULT CURRENT_TIMESTAMP,
  `roles_id` int DEFAULT NULL,
  `fullname` varchar(50) COLLATE utf8mb4_general_ci DEFAULT NULL,
  `blokir` enum('Ya','Tidak') COLLATE utf8mb4_general_ci DEFAULT NULL,
  `id_status` enum('Tidak Aktif','Aktif') COLLATE utf8mb4_general_ci DEFAULT NULL,
  `fail_count` int DEFAULT NULL,
  `blocked_until` datetime DEFAULT NULL,
  PRIMARY KEY (`id`),
  UNIQUE KEY `email` (`email`),
  KEY `roles_id` (`roles_id`),
  CONSTRAINT `syst_users_ibfk_1` FOREIGN KEY (`roles_id`) REFERENCES `syst_roles` (`id`)
) ENGINE=InnoDB AUTO_INCREMENT=21 DEFAULT CHARSET=utf8mb4 COLLATE=utf8mb4_general_ci;
/*!40101 SET character_set_client = @saved_cs_client */;

--
-- Dumping data for table `syst_users`
--

LOCK TABLES `syst_users` WRITE;
/*!40000 ALTER TABLE `syst_users` DISABLE KEYS */;
INSERT INTO `syst_users` VALUES (1,'yeviki','yeviki@gmail.com','$2b$10$fSNk9ntz9dHBEN60FyO4EOwO7NoiTPsSJpDFUtofHAFDyIdzTfU2S','2025-11-17 20:41:13',1,'Yeviki Maisyah Putra','Tidak','Aktif',0,NULL),(2,'superadmin','admin@gmail.com','$2b$10$s4K.epY1j14DZd2uWfUBNew/VwPpnf8.kVEdsbBStBn95s4P/W95W','2025-11-17 22:16:54',1,'Admin Super','Tidak','Aktif',0,NULL),(5,'supersaya','saya@gmail.com','$2b$10$cBPot5EaqvqfR6tu.ixb7usJgDRjwvHWYOgEOaY0kaQEM2I/u7JGO','2025-11-18 19:50:33',1,'Saya Super','Tidak','Aktif',NULL,NULL),(8,'test','test@gmail.com','$2b$10$t/9EQdhHjtvbYNfXcCTN4evKKHRulrMveS9F/x55R8RuP78IFqhta','2025-11-19 01:16:43',3,'Pimpinan','Tidak','Aktif',0,NULL),(9,'testing','testing@gmail.com','$2b$10$Nq1k3qANRc92hzamT9XWBeUcNUvqBTAMjOcpvKTw9JuS0GdPJaysG','2025-11-19 01:38:29',2,'Nama Testing','Tidak','Aktif',0,NULL);
/*!40000 ALTER TABLE `syst_users` ENABLE KEYS */;
UNLOCK TABLES;

--
-- Dumping routines for database 'db_app'
--
/*!40103 SET TIME_ZONE=@OLD_TIME_ZONE */;

/*!40101 SET SQL_MODE=@OLD_SQL_MODE */;
/*!40014 SET FOREIGN_KEY_CHECKS=@OLD_FOREIGN_KEY_CHECKS */;
/*!40014 SET UNIQUE_CHECKS=@OLD_UNIQUE_CHECKS */;
/*!40101 SET CHARACTER_SET_CLIENT=@OLD_CHARACTER_SET_CLIENT */;
/*!40101 SET CHARACTER_SET_RESULTS=@OLD_CHARACTER_SET_RESULTS */;
/*!40101 SET COLLATION_CONNECTION=@OLD_COLLATION_CONNECTION */;
/*!40111 SET SQL_NOTES=@OLD_SQL_NOTES */;

-- Dump completed on 2025-12-05  0:55:56
