-- MySQL dump 10.13  Distrib 8.0.27, for macos11 (x86_64)
--
-- Host: localhost    Database: db_app
-- ------------------------------------------------------
-- Server version	8.0.35

/*!40101 SET @OLD_CHARACTER_SET_CLIENT=@@CHARACTER_SET_CLIENT */;
/*!40101 SET @OLD_CHARACTER_SET_RESULTS=@@CHARACTER_SET_RESULTS */;
/*!40101 SET @OLD_COLLATION_CONNECTION=@@COLLATION_CONNECTION */;
/*!50503 SET NAMES utf8mb4 */;
/*!40103 SET @OLD_TIME_ZONE=@@TIME_ZONE */;
/*!40103 SET TIME_ZONE='+00:00' */;
/*!40014 SET @OLD_UNIQUE_CHECKS=@@UNIQUE_CHECKS, UNIQUE_CHECKS=0 */;
/*!40014 SET @OLD_FOREIGN_KEY_CHECKS=@@FOREIGN_KEY_CHECKS, FOREIGN_KEY_CHECKS=0 */;
/*!40101 SET @OLD_SQL_MODE=@@SQL_MODE, SQL_MODE='NO_AUTO_VALUE_ON_ZERO' */;
/*!40111 SET @OLD_SQL_NOTES=@@SQL_NOTES, SQL_NOTES=0 */;

--
-- Table structure for table `syst_login_history`
--

DROP TABLE IF EXISTS `syst_login_history`;
/*!40101 SET @saved_cs_client     = @@character_set_client */;
/*!50503 SET character_set_client = utf8mb4 */;
CREATE TABLE `syst_login_history` (
  `id` bigint NOT NULL AUTO_INCREMENT,
  `user_id` int DEFAULT NULL,
  `login_time` datetime DEFAULT NULL,
  `ip_address` varchar(45) DEFAULT NULL,
  `user_agent` text,
  `status` varchar(20) DEFAULT NULL,
  `logout_time` datetime DEFAULT NULL,
  `attempted_email` varchar(50) DEFAULT NULL,
  PRIMARY KEY (`id`),
  KEY `user_id` (`user_id`)
) ENGINE=InnoDB AUTO_INCREMENT=49 DEFAULT CHARSET=utf8mb4 COLLATE=utf8mb4_0900_ai_ci;
/*!40101 SET character_set_client = @saved_cs_client */;

--
-- Dumping data for table `syst_login_history`
--

LOCK TABLES `syst_login_history` WRITE;
/*!40000 ALTER TABLE `syst_login_history` DISABLE KEYS */;
INSERT INTO `syst_login_history` VALUES (1,1,'2025-11-30 17:07:39','::1','Mozilla/5.0 (Macintosh; Intel Mac OS X 10_15_7) AppleWebKit/537.36 (KHTML, like Gecko) Chrome/142.0.0.0 Safari/537.36','success','2025-11-30 17:20:27','yeviki@gmail.com'),(2,1,'2025-11-30 17:29:06','::1','Mozilla/5.0 (Macintosh; Intel Mac OS X 10_15_7) AppleWebKit/537.36 (KHTML, like Gecko) Chrome/142.0.0.0 Safari/537.36','success','2025-11-30 17:29:57','yeviki@gmail.com'),(3,8,'2025-11-30 17:30:04','::1','Mozilla/5.0 (Macintosh; Intel Mac OS X 10_15_7) AppleWebKit/537.36 (KHTML, like Gecko) Chrome/142.0.0.0 Safari/537.36','success','2025-11-30 17:30:09','test'),(4,9,'2025-11-30 17:31:50','::1','Mozilla/5.0 (Macintosh; Intel Mac OS X 10_15_7) AppleWebKit/537.36 (KHTML, like Gecko) Chrome/142.0.0.0 Safari/537.36','failed',NULL,'testing'),(5,9,'2025-11-30 17:31:56','::1','Mozilla/5.0 (Macintosh; Intel Mac OS X 10_15_7) AppleWebKit/537.36 (KHTML, like Gecko) Chrome/142.0.0.0 Safari/537.36','failed',NULL,'testing'),(6,9,'2025-11-30 17:31:57','::1','Mozilla/5.0 (Macintosh; Intel Mac OS X 10_15_7) AppleWebKit/537.36 (KHTML, like Gecko) Chrome/142.0.0.0 Safari/537.36','failed',NULL,'testing'),(7,9,'2025-11-30 17:31:58','::1','Mozilla/5.0 (Macintosh; Intel Mac OS X 10_15_7) AppleWebKit/537.36 (KHTML, like Gecko) Chrome/142.0.0.0 Safari/537.36','failed',NULL,'testing'),(8,9,'2025-11-30 17:31:59','::1','Mozilla/5.0 (Macintosh; Intel Mac OS X 10_15_7) AppleWebKit/537.36 (KHTML, like Gecko) Chrome/142.0.0.0 Safari/537.36','failed',NULL,'testing'),(9,9,'2025-11-30 17:33:07','::1','Mozilla/5.0 (Macintosh; Intel Mac OS X 10_15_7) AppleWebKit/537.36 (KHTML, like Gecko) Chrome/142.0.0.0 Safari/537.36','failed',NULL,'testing'),(10,9,'2025-11-30 17:35:11','::1','Mozilla/5.0 (Macintosh; Intel Mac OS X 10_15_7) AppleWebKit/537.36 (KHTML, like Gecko) Chrome/142.0.0.0 Safari/537.36','failed',NULL,'testing'),(11,9,'2025-11-30 17:42:35','::1','Mozilla/5.0 (Macintosh; Intel Mac OS X 10_15_7) AppleWebKit/537.36 (KHTML, like Gecko) Chrome/142.0.0.0 Safari/537.36','failed',NULL,'testing'),(12,9,'2025-11-30 17:46:45','::1','Mozilla/5.0 (Macintosh; Intel Mac OS X 10_15_7) AppleWebKit/537.36 (KHTML, like Gecko) Chrome/142.0.0.0 Safari/537.36','failed',NULL,'testing'),(13,2,'2025-11-30 17:47:02','::1','Mozilla/5.0 (Macintosh; Intel Mac OS X 10_15_7) AppleWebKit/537.36 (KHTML, like Gecko) Chrome/142.0.0.0 Safari/537.36','failed',NULL,'superadmin'),(14,2,'2025-11-30 17:47:04','::1','Mozilla/5.0 (Macintosh; Intel Mac OS X 10_15_7) AppleWebKit/537.36 (KHTML, like Gecko) Chrome/142.0.0.0 Safari/537.36','failed',NULL,'superadmin'),(15,2,'2025-11-30 17:47:05','::1','Mozilla/5.0 (Macintosh; Intel Mac OS X 10_15_7) AppleWebKit/537.36 (KHTML, like Gecko) Chrome/142.0.0.0 Safari/537.36','failed',NULL,'superadmin'),(16,2,'2025-11-30 17:47:05','::1','Mozilla/5.0 (Macintosh; Intel Mac OS X 10_15_7) AppleWebKit/537.36 (KHTML, like Gecko) Chrome/142.0.0.0 Safari/537.36','failed',NULL,'superadmin'),(17,2,'2025-11-30 17:47:06','::1','Mozilla/5.0 (Macintosh; Intel Mac OS X 10_15_7) AppleWebKit/537.36 (KHTML, like Gecko) Chrome/142.0.0.0 Safari/537.36','failed',NULL,'superadmin'),(18,2,'2025-11-30 17:48:07','::1','Mozilla/5.0 (Macintosh; Intel Mac OS X 10_15_7) AppleWebKit/537.36 (KHTML, like Gecko) Chrome/142.0.0.0 Safari/537.36','failed',NULL,'superadmin'),(19,1,'2025-11-30 17:48:26','::1','Mozilla/5.0 (Macintosh; Intel Mac OS X 10_15_7) AppleWebKit/537.36 (KHTML, like Gecko) Chrome/142.0.0.0 Safari/537.36','success','2025-11-30 18:03:23','yeviki'),(20,NULL,'2025-11-30 18:03:25','::1','Mozilla/5.0 (Macintosh; Intel Mac OS X 10_15_7) AppleWebKit/537.36 (KHTML, like Gecko) Chrome/142.0.0.0 Safari/537.36','failed',NULL,''),(21,NULL,'2025-11-30 18:03:27','::1','Mozilla/5.0 (Macintosh; Intel Mac OS X 10_15_7) AppleWebKit/537.36 (KHTML, like Gecko) Chrome/142.0.0.0 Safari/537.36','failed',NULL,''),(22,NULL,'2025-11-30 18:03:42','::1','Mozilla/5.0 (Macintosh; Intel Mac OS X 10_15_7) AppleWebKit/537.36 (KHTML, like Gecko) Chrome/142.0.0.0 Safari/537.36','failed',NULL,''),(23,9,'2025-11-30 19:11:35','::1','Mozilla/5.0 (Macintosh; Intel Mac OS X 10_15_7) AppleWebKit/537.36 (KHTML, like Gecko) Chrome/142.0.0.0 Safari/537.36','failed',NULL,'testing'),(24,1,'2025-11-30 19:12:17','::1','Mozilla/5.0 (Macintosh; Intel Mac OS X 10_15_7) AppleWebKit/537.36 (KHTML, like Gecko) Chrome/142.0.0.0 Safari/537.36','success','2025-11-30 19:12:38','yeviki'),(25,9,'2025-11-30 19:12:47','::1','Mozilla/5.0 (Macintosh; Intel Mac OS X 10_15_7) AppleWebKit/537.36 (KHTML, like Gecko) Chrome/142.0.0.0 Safari/537.36','success','2025-11-30 19:13:56','testing'),(26,2,'2025-11-30 19:14:21','::1','Mozilla/5.0 (Macintosh; Intel Mac OS X 10_15_7) AppleWebKit/537.36 (KHTML, like Gecko) Chrome/142.0.0.0 Safari/537.36','success','2025-11-30 19:14:28','superadmin'),(27,1,'2025-11-30 20:48:24','::1','Mozilla/5.0 (Macintosh; Intel Mac OS X 10_15_7) AppleWebKit/537.36 (KHTML, like Gecko) Chrome/142.0.0.0 Safari/537.36','success','2025-11-30 20:48:28','yeviki'),(28,1,'2025-11-30 21:12:02','::1','Mozilla/5.0 (Macintosh; Intel Mac OS X 10_15_7) AppleWebKit/537.36 (KHTML, like Gecko) Chrome/142.0.0.0 Safari/537.36','success',NULL,'yeviki'),(29,1,'2025-11-30 22:07:42','::1','Mozilla/5.0 (Macintosh; Intel Mac OS X 10_15_7) AppleWebKit/537.36 (KHTML, like Gecko) Chrome/142.0.0.0 Safari/537.36','success','2025-11-30 22:08:38','yeviki'),(30,9,'2025-11-30 22:08:43','::1','Mozilla/5.0 (Macintosh; Intel Mac OS X 10_15_7) AppleWebKit/537.36 (KHTML, like Gecko) Chrome/142.0.0.0 Safari/537.36','success','2025-11-30 22:08:51','testing'),(31,9,'2025-11-30 22:09:01','::1','Mozilla/5.0 (Macintosh; Intel Mac OS X 10_15_7) AppleWebKit/537.36 (KHTML, like Gecko) Chrome/142.0.0.0 Safari/537.36','success','2025-11-30 22:09:45','testing'),(32,1,'2025-11-30 22:09:50','::1','Mozilla/5.0 (Macintosh; Intel Mac OS X 10_15_7) AppleWebKit/537.36 (KHTML, like Gecko) Chrome/142.0.0.0 Safari/537.36','success','2025-11-30 22:10:18','yeviki'),(33,9,'2025-11-30 22:10:25','::1','Mozilla/5.0 (Macintosh; Intel Mac OS X 10_15_7) AppleWebKit/537.36 (KHTML, like Gecko) Chrome/142.0.0.0 Safari/537.36','success','2025-11-30 22:10:30','testing'),(34,1,'2025-11-30 22:13:53','::1','Mozilla/5.0 (Macintosh; Intel Mac OS X 10_15_7) AppleWebKit/537.36 (KHTML, like Gecko) Chrome/142.0.0.0 Safari/537.36','success','2025-11-30 22:27:35','yeviki'),(35,9,'2025-11-30 22:28:08','::1','Mozilla/5.0 (Macintosh; Intel Mac OS X 10_15_7) AppleWebKit/537.36 (KHTML, like Gecko) Chrome/142.0.0.0 Safari/537.36','failed',NULL,'testing'),(36,9,'2025-11-30 22:28:15','::1','Mozilla/5.0 (Macintosh; Intel Mac OS X 10_15_7) AppleWebKit/537.36 (KHTML, like Gecko) Chrome/142.0.0.0 Safari/537.36','success','2025-11-30 22:29:22','testing'),(37,9,'2025-11-30 22:29:33','::1','Mozilla/5.0 (Macintosh; Intel Mac OS X 10_15_7) AppleWebKit/537.36 (KHTML, like Gecko) Chrome/142.0.0.0 Safari/537.36','success','2025-11-30 22:29:42','testing'),(38,1,'2025-11-30 22:31:14','::1','Mozilla/5.0 (Macintosh; Intel Mac OS X 10_15_7) AppleWebKit/537.36 (KHTML, like Gecko) Chrome/142.0.0.0 Safari/537.36','success','2025-11-30 22:35:22','yeviki'),(39,9,'2025-11-30 22:35:31','::1','Mozilla/5.0 (Macintosh; Intel Mac OS X 10_15_7) AppleWebKit/537.36 (KHTML, like Gecko) Chrome/142.0.0.0 Safari/537.36','success','2025-11-30 22:36:04','testing'),(40,1,'2025-11-30 22:36:09','::1','Mozilla/5.0 (Macintosh; Intel Mac OS X 10_15_7) AppleWebKit/537.36 (KHTML, like Gecko) Chrome/142.0.0.0 Safari/537.36','success','2025-11-30 22:44:21','yeviki'),(41,9,'2025-11-30 22:44:47','::1','Mozilla/5.0 (Macintosh; Intel Mac OS X 10_15_7) AppleWebKit/537.36 (KHTML, like Gecko) Chrome/142.0.0.0 Safari/537.36','success','2025-11-30 22:45:06','testing'),(42,1,'2025-11-30 22:45:11','::1','Mozilla/5.0 (Macintosh; Intel Mac OS X 10_15_7) AppleWebKit/537.36 (KHTML, like Gecko) Chrome/142.0.0.0 Safari/537.36','success','2025-11-30 22:47:51','yeviki'),(43,9,'2025-11-30 22:48:01','::1','Mozilla/5.0 (Macintosh; Intel Mac OS X 10_15_7) AppleWebKit/537.36 (KHTML, like Gecko) Chrome/142.0.0.0 Safari/537.36','success','2025-11-30 22:49:58','testing'),(44,1,'2025-11-30 22:50:09','::1','Mozilla/5.0 (Macintosh; Intel Mac OS X 10_15_7) AppleWebKit/537.36 (KHTML, like Gecko) Chrome/142.0.0.0 Safari/537.36','success','2025-11-30 22:51:02','yeviki'),(45,9,'2025-11-30 22:51:09','::1','Mozilla/5.0 (Macintosh; Intel Mac OS X 10_15_7) AppleWebKit/537.36 (KHTML, like Gecko) Chrome/142.0.0.0 Safari/537.36','success','2025-11-30 22:52:06','testing'),(46,1,'2025-11-30 23:01:55','::1','Mozilla/5.0 (Macintosh; Intel Mac OS X 10_15_7) AppleWebKit/537.36 (KHTML, like Gecko) Chrome/142.0.0.0 Safari/537.36','failed',NULL,'yeviki'),(47,1,'2025-11-30 23:03:37','::1','Mozilla/5.0 (Macintosh; Intel Mac OS X 10_15_7) AppleWebKit/537.36 (KHTML, like Gecko) Chrome/142.0.0.0 Safari/537.36','success',NULL,'yeviki'),(48,1,'2025-12-01 00:12:17','::1','Mozilla/5.0 (Macintosh; Intel Mac OS X 10_15_7) AppleWebKit/537.36 (KHTML, like Gecko) Chrome/142.0.0.0 Safari/537.36','success','2025-12-01 00:12:23','yeviki');
/*!40000 ALTER TABLE `syst_login_history` ENABLE KEYS */;
UNLOCK TABLES;

--
-- Table structure for table `syst_menu`
--

DROP TABLE IF EXISTS `syst_menu`;
/*!40101 SET @saved_cs_client     = @@character_set_client */;
/*!50503 SET character_set_client = utf8mb4 */;
CREATE TABLE `syst_menu` (
  `id_menu` int NOT NULL AUTO_INCREMENT,
  `title_menu` varchar(255) COLLATE utf8mb4_general_ci DEFAULT NULL,
  `url_menu` varchar(255) COLLATE utf8mb4_general_ci DEFAULT NULL,
  `icon_menu` varchar(255) COLLATE utf8mb4_general_ci DEFAULT NULL,
  `order_menu` smallint DEFAULT NULL,
  `parent_id` int DEFAULT NULL,
  `component` varchar(255) CHARACTER SET utf8mb4 COLLATE utf8mb4_general_ci DEFAULT NULL,
  PRIMARY KEY (`id_menu`) USING BTREE
) ENGINE=InnoDB AUTO_INCREMENT=10 DEFAULT CHARSET=utf8mb4 COLLATE=utf8mb4_general_ci;
/*!40101 SET character_set_client = @saved_cs_client */;

--
-- Dumping data for table `syst_menu`
--

LOCK TABLES `syst_menu` WRITE;
/*!40000 ALTER TABLE `syst_menu` DISABLE KEYS */;
INSERT INTO `syst_menu` VALUES (1,'Dashboard','/dashboard','LayoutDashboard',1,NULL,'DashboardHome'),(2,'Management System','#','Shapes',2,NULL,NULL),(3,'Panel Admin','#','Admin',3,NULL,NULL),(4,'Users','/users','Users',1,2,'UsersPage'),(5,'Menu','/menu','Menu',2,2,'MenuPage'),(6,'Roles','/roles','Key',3,2,'RolesPage'),(7,'Sub Menu 1','/subMenu','Settings',1,3,'SubMenuPage'),(8,'Laporan','#','Files',4,NULL,NULL);
/*!40000 ALTER TABLE `syst_menu` ENABLE KEYS */;
UNLOCK TABLES;

--
-- Table structure for table `syst_roles`
--

DROP TABLE IF EXISTS `syst_roles`;
/*!40101 SET @saved_cs_client     = @@character_set_client */;
/*!50503 SET character_set_client = utf8mb4 */;
CREATE TABLE `syst_roles` (
  `id` int NOT NULL AUTO_INCREMENT,
  `roles_name` varchar(255) CHARACTER SET utf8mb4 COLLATE utf8mb4_general_ci DEFAULT NULL,
  PRIMARY KEY (`id`)
) ENGINE=InnoDB AUTO_INCREMENT=5 DEFAULT CHARSET=utf8mb4 COLLATE=utf8mb4_general_ci;
/*!40101 SET character_set_client = @saved_cs_client */;

--
-- Dumping data for table `syst_roles`
--

LOCK TABLES `syst_roles` WRITE;
/*!40000 ALTER TABLE `syst_roles` DISABLE KEYS */;
INSERT INTO `syst_roles` VALUES (1,'Super Admin'),(2,'Local Admin'),(3,'Pimpinan'),(4,'Staf');
/*!40000 ALTER TABLE `syst_roles` ENABLE KEYS */;
UNLOCK TABLES;

--
-- Table structure for table `syst_roles_menu`
--

DROP TABLE IF EXISTS `syst_roles_menu`;
/*!40101 SET @saved_cs_client     = @@character_set_client */;
/*!50503 SET character_set_client = utf8mb4 */;
CREATE TABLE `syst_roles_menu` (
  `id` int NOT NULL AUTO_INCREMENT,
  `roles_id` int DEFAULT NULL,
  `menu_id` int DEFAULT NULL,
  `id_status` int DEFAULT NULL,
  PRIMARY KEY (`id`),
  KEY `roles_id` (`roles_id`),
  KEY `menu_id` (`menu_id`),
  CONSTRAINT `syst_roles_menu_ibfk_1` FOREIGN KEY (`roles_id`) REFERENCES `syst_roles` (`id`),
  CONSTRAINT `syst_roles_menu_ibfk_2` FOREIGN KEY (`menu_id`) REFERENCES `syst_menu` (`id_menu`)
) ENGINE=InnoDB AUTO_INCREMENT=20 DEFAULT CHARSET=utf8mb4 COLLATE=utf8mb4_general_ci;
/*!40101 SET character_set_client = @saved_cs_client */;

--
-- Dumping data for table `syst_roles_menu`
--

LOCK TABLES `syst_roles_menu` WRITE;
/*!40000 ALTER TABLE `syst_roles_menu` DISABLE KEYS */;
INSERT INTO `syst_roles_menu` VALUES (6,2,1,1),(7,2,3,1),(8,2,7,1),(9,3,1,1),(10,3,8,1),(11,1,1,1),(12,1,2,1),(13,1,4,1),(14,1,5,1),(15,1,6,1),(16,1,3,1),(17,1,7,1),(18,2,4,1),(19,2,2,1);
/*!40000 ALTER TABLE `syst_roles_menu` ENABLE KEYS */;
UNLOCK TABLES;

--
-- Table structure for table `syst_users`
--

DROP TABLE IF EXISTS `syst_users`;
/*!40101 SET @saved_cs_client     = @@character_set_client */;
/*!50503 SET character_set_client = utf8mb4 */;
CREATE TABLE `syst_users` (
  `id` int NOT NULL AUTO_INCREMENT,
  `username` varchar(100) COLLATE utf8mb4_general_ci DEFAULT NULL,
  `email` varchar(150) COLLATE utf8mb4_general_ci DEFAULT NULL,
  `password` varchar(255) COLLATE utf8mb4_general_ci DEFAULT NULL,
  `created_at` timestamp NOT NULL DEFAULT CURRENT_TIMESTAMP,
  `roles_id` int DEFAULT NULL,
  `fullname` varchar(50) COLLATE utf8mb4_general_ci DEFAULT NULL,
  `blokir` enum('Ya','Tidak') COLLATE utf8mb4_general_ci DEFAULT NULL,
  `id_status` enum('Tidak Aktif','Aktif') COLLATE utf8mb4_general_ci DEFAULT NULL,
  `fail_count` int DEFAULT NULL,
  `blocked_until` datetime DEFAULT NULL,
  PRIMARY KEY (`id`),
  UNIQUE KEY `email` (`email`),
  KEY `roles_id` (`roles_id`),
  CONSTRAINT `syst_users_ibfk_1` FOREIGN KEY (`roles_id`) REFERENCES `syst_roles` (`id`)
) ENGINE=InnoDB AUTO_INCREMENT=21 DEFAULT CHARSET=utf8mb4 COLLATE=utf8mb4_general_ci;
/*!40101 SET character_set_client = @saved_cs_client */;

--
-- Dumping data for table `syst_users`
--

LOCK TABLES `syst_users` WRITE;
/*!40000 ALTER TABLE `syst_users` DISABLE KEYS */;
INSERT INTO `syst_users` VALUES (1,'yeviki','yeviki@gmail.com','$2b$10$fSNk9ntz9dHBEN60FyO4EOwO7NoiTPsSJpDFUtofHAFDyIdzTfU2S','2025-11-18 03:41:13',1,'Yeviki Maisyah Putra','Tidak','Aktif',0,NULL),(2,'superadmin','admin@gmail.com','$2b$10$s4K.epY1j14DZd2uWfUBNew/VwPpnf8.kVEdsbBStBn95s4P/W95W','2025-11-18 05:16:54',1,'Admin Super','Tidak','Aktif',0,NULL),(5,'supersaya','saya@gmail.com','$2b$10$cBPot5EaqvqfR6tu.ixb7usJgDRjwvHWYOgEOaY0kaQEM2I/u7JGO','2025-11-19 02:50:33',1,'Saya Super','Tidak','Aktif',NULL,NULL),(8,'test','test@gmail.com','$2b$10$t/9EQdhHjtvbYNfXcCTN4evKKHRulrMveS9F/x55R8RuP78IFqhta','2025-11-19 08:16:43',3,'Pimpinan','Tidak','Aktif',0,NULL),(9,'testing','testing@gmail.com','$2b$10$Nq1k3qANRc92hzamT9XWBeUcNUvqBTAMjOcpvKTw9JuS0GdPJaysG','2025-11-19 08:38:29',2,'Nama Testing','Tidak','Aktif',0,NULL);
/*!40000 ALTER TABLE `syst_users` ENABLE KEYS */;
UNLOCK TABLES;

--
-- Dumping routines for database 'db_app'
--
/*!40103 SET TIME_ZONE=@OLD_TIME_ZONE */;

/*!40101 SET SQL_MODE=@OLD_SQL_MODE */;
/*!40014 SET FOREIGN_KEY_CHECKS=@OLD_FOREIGN_KEY_CHECKS */;
/*!40014 SET UNIQUE_CHECKS=@OLD_UNIQUE_CHECKS */;
/*!40101 SET CHARACTER_SET_CLIENT=@OLD_CHARACTER_SET_CLIENT */;
/*!40101 SET CHARACTER_SET_RESULTS=@OLD_CHARACTER_SET_RESULTS */;
/*!40101 SET COLLATION_CONNECTION=@OLD_COLLATION_CONNECTION */;
/*!40111 SET SQL_NOTES=@OLD_SQL_NOTES */;

-- Dump completed on 2025-12-01  0:31:59
